{"assets/Items/Shoes.png":["assets/Items/Shoes.png"],"assets/Items/birthday-hat.png":["assets/Items/birthday-hat.png"],"assets/Items/tophat.png":["assets/Items/tophat.png"],"assets/fonts/Origami.ttf":["assets/fonts/Origami.ttf"],"assets/fox-images/happy-fox-birth-hat.png":["assets/fox-images/happy-fox-birth-hat.png"],"assets/fox-images/happy-fox-shoes.png":["assets/fox-images/happy-fox-shoes.png"],"assets/fox-images/happy-fox-tophat.png":["assets/fox-images/happy-fox-tophat.png"],"assets/fox-images/happy-fox.png":["assets/fox-images/happy-fox.png"],"assets/fox-images/neutral-fox-birth-hat.png":["assets/fox-images/neutral-fox-birth-hat.png"],"assets/fox-images/neutral-fox-shoes.png":["assets/fox-images/neutral-fox-shoes.png"],"assets/fox-images/neutral-fox-tophat.png":["assets/fox-images/neutral-fox-tophat.png"],"assets/fox-images/neutral-fox.png":["assets/fox-images/neutral-fox.png"],"assets/fox-images/sad-fox-birth-hat.png":["assets/fox-images/sad-fox-birth-hat.png"],"assets/fox-images/sad-fox-shoes.png":["assets/fox-images/sad-fox-shoes.png"],"assets/fox-images/sad-fox-tophat.png":["assets/fox-images/sad-fox-tophat.png"],"assets/fox-images/sad-fox.png":["assets/fox-images/sad-fox.png"],"assets/images/Background.png":["assets/images/Background.png"],"assets/images/Task-Image.png":["assets/images/Task-Image.png"],"assets/images/logo-large.png":["assets/images/logo-large.png"],"assets/images/logo.png":["assets/images/logo.png"],"packages/cupertino_icons/assets/CupertinoIcons.ttf":["packages/cupertino_icons/assets/CupertinoIcons.ttf"]}